room_1,"Dr. Kashif"
room_2,"Dr. Asif"
room_3,"Dr. Sobia"
room_4,""
room_5,"Mr. Bilal"
room_6,"Ms. Hina"
room_7,"Dr. Imran"
room_8,"Ms. Ayesha"
room_9,"Mr. Saad"
room_10,"Dr. Fatima"
room_11,"Mr. Ahmed"
room_12,"Ms. Zainab"
room_13,"Dr. Ali"
room_14,"Ms. Sara"
room_15,"Mr. Hassan"
room_16,"Dr. Maryam"
room_17,"Mr. Farhan"
room_18,"Ms. Noor"
room_19,"Dr. Zeeshan"
room_20,"Ms. Anum"
room_21,"Mr. Usman"
room_22,"Dr. Sadia"
room_23,"Mr. Talha"
room_24,"Ms. Iqra"
room_25,"Dr. Omar"
room_26,"Ms. Zoya"
room_27,"Mr. Hamza"
room_28,"Dr. Nida"
room_29,"Mr. Waqas"
room_30,"Ms. Amna"
room_31,"Dr. Haris"
room_32,"Ms. Mahnoor"
room_33,"Mr. Salman"
room_34,"Dr. Aamir"
room_35,"Ms. Fariha"
room_36,"Mr. Junaid"
room_37,"Dr. Iram"
room_38,"Mr. Adnan"
room_39,"Ms. Kiran"
room_40,"Dr. Faizan"
room_41,"Dr. Yasir"
room_42,"Ms. Samina"
room_43,"Mr. Kamran"
room_44,""
room_45,"Dr. Lubna"
room_46,"Mr. Rizwan"
room_47,"Ms. Sidra"
room_48,"Dr. Naveed"
room_49,"Mr. Taha"
room_50,"Ms. Fozia"
room_51,""
room_52,"Dr. Mansoor"
room_53,"Mr. Shahzad"
room_54,"Ms. Bushra"
room_55,"Dr. Tariq"
room_56,"Mr. Azhar"
room_57,"Ms. Rabia"
room_58,""
room_59,"Dr. Qasim"
room_60,"Mr. Daniyal"
room_61,"Ms. Hira"
room_62,"Dr. Farooq"
room_63,"Mr. Majid"
room_64,"Ms. Sanaa"
room_65,"Dr. Raheel"
room_66,"Mr. Noman"
room_67,"Ms. Aiman"
room_68,"Dr. Irfan"
room_69,"Mr. Shahid"
room_70,"Ms. Aisha"
room_71,"Dr. Farhan"
room_72,"Ms. Javaria"
room_73,"Mr. Muneeb"
room_74,"Dr. Uzma"
room_75,"Mr. Atif"
room_76,"Ms. Samra"